Lab Name,URL,Source
Adam D. Sylvester Lab,https://www.hopkinsmedicine.org/research/labs/a/adam-d-sylvester-lab,Medicine
Adam Sapirstein Lab,https://www.hopkinsmedicine.org/research/labs/a/adam-sapirstein-lab,Medicine
Adamo Cardiac Immunology Lab,https://www.hopkinsmedicine.org/research/labs/a/adamo-cardiac-immunology-lab,Medicine
Adrian Dobs Lab,https://www.hopkinsmedicine.org/research/labs/a/adrian-dobs-lab,Medicine
Adult Cardiac Catheterization Laboratory,https://www.hopkinsmedicine.org/research/labs/a/adult-cardiac-catheterization-laboratory,Medicine
Advanced Mammalian Biomanufacturing Innovation Center (AMBIC),https://www.ambic.org/,Chemical and Biomolecular Engineering
Advanced Optics Lab,https://www.hopkinsmedicine.org/research/labs/a/advanced-optics-lab,Medicine
Advanced Robotics and Computationally AugmenteD Environments (ARCADE) Lab,https://arcade.cs.jhu.edu/,Robotics
Agrawal Lab,https://www.hopkinsmedicine.org/research/labs/a/agrawal-lab,Medicine
Ahmet Gurakar Lab,https://www.hopkinsmedicine.org/research/labs/a/ahmet-gurakar-lab,Medicine
Alain Labrique Lab,https://www.hopkinsmedicine.org/research/labs/a/alain-labrique-lab,Medicine
Alan Baer Lab,https://www.hopkinsmedicine.org/research/labs/a/alan-baer-lab,Medicine
Alan Scott Lab,https://www.hopkinsmedicine.org/research/labs/a/alan-scott-lab,Medicine
Albert Lau Lab,https://www.hopkinsmedicine.org/research/labs/a/albert-lau-lab,Medicine
Alex Kolodkin Laboratory,https://www.hopkinsmedicine.org/research/labs/a/alex-kolodkin-laboratory,Medicine
Alfredo Kirkwood Laboratory,https://www.hopkinsmedicine.org/research/labs/a/alfredo-kirkwood-laboratory,Medicine
Aliaksei Pustavoitau Lab,https://www.hopkinsmedicine.org/research/labs/a/aliaksei-pustavoitau-lab,Medicine
Alicia Arbaje Lab,https://www.hopkinsmedicine.org/research/labs/a/alicia-arbaje-lab,Medicine
Aline Charabaty Lab,https://www.hopkinsmedicine.org/research/labs/a/aline-charabaty-lab,Medicine
Alison E. Turnbull Lab,https://www.hopkinsmedicine.org/research/labs/a/alison-e-turnbull-lab,Medicine
Alison Miles Lab,https://www.hopkinsmedicine.org/research/labs/a/alison-miles-lab,Medicine
Alison Moliterno Lab,https://www.hopkinsmedicine.org/research/labs/a/alison-moliterno-lab,Medicine
Allan Gelber Lab,https://www.hopkinsmedicine.org/research/labs/a/allan-gelber-lab,Medicine
Allan Gottschalk Lab,https://www.hopkinsmedicine.org/research/labs/a/allan-gottschalk-lab,Medicine
Ami Shah Lab,https://www.hopkinsmedicine.org/research/labs/a/ami-shah-lab,Medicine
Amit Pahwa Lab,https://www.hopkinsmedicine.org/research/labs/a/amit-pahwa-lab,Medicine
Amita Gupta Lab,https://www.hopkinsmedicine.org/research/labs/a/amita-gupta-lab,Medicine
Amy Kim Lab,https://www.hopkinsmedicine.org/research/labs/a/amy-kim-lab,Medicine
Amy Knight Lab,https://www.hopkinsmedicine.org/research/labs/a/amy-knight-lab,Medicine
Ana-Marie Orbai Lab,https://www.hopkinsmedicine.org/research/labs/a/ana-marie-orbai-lab,Medicine
Andrea Cox Lab,https://www.hopkinsmedicine.org/research/labs/a/andrea-cox-lab,Medicine
Andrew Feinberg Laboratory,https://www.hopkinsmedicine.org/research/labs/a/andrew-feinberg-laboratory,Medicine
Andrew Laboratory: Center for Cell Dynamics,https://www.hopkinsmedicine.org/research/labs/a/andrew-laboratory-center-for-cell-dynamics,Medicine
Andrew Lane Lab,https://www.hopkinsmedicine.org/research/labs/a/andrew-lane-lab,Medicine
Andrew McCallion Laboratory,https://www.hopkinsmedicine.org/research/labs/a/andrew-mccallion-laboratory,Medicine
Aniket Sidhaye Lab,https://www.hopkinsmedicine.org/research/labs/a/aniket-sidhaye-lab,Medicine
Anna Durbin Lab,https://www.hopkinsmedicine.org/research/labs/a/anna-durbin-lab,Medicine
Anne Rompalo Lab,https://www.hopkinsmedicine.org/research/labs/a/anne-rompalo-lab,Medicine
Antoine Azar Lab,https://www.hopkinsmedicine.org/research/labs/a/antoine-azar-lab,Medicine
Antony Rosen Lab,https://www.hopkinsmedicine.org/research/labs/a/antony-rosen-lab,Medicine
Ari Cedars Laboratory,https://www.hopkinsmedicine.org/research/labs/a/ari-cedars-laboratory,Medicine
Ariel Green Lab,https://www.hopkinsmedicine.org/research/labs/a/ariel-green-lab,Medicine
Arturo Casadevall Lab,https://www.hopkinsmedicine.org/research/labs/a/arturo-casadevall-lab,Medicine
Asad Latif Lab,https://www.hopkinsmedicine.org/research/labs/a/asad-latif-lab,Medicine
Ashish Nimgoankar Lab,https://www.hopkinsmedicine.org/research/labs/a/ashish-nimgoankar-lab,Medicine
Athir Morad Lab,https://www.hopkinsmedicine.org/research/labs/a/athir-morad-lab,Medicine
Auditory Brainstem Laboratory,https://www.hopkinsmedicine.org/research/labs/a/auditory-brainstem-laboratory,Medicine
"Autonomous Systems, Control, and Optimization Laboratory (ASCO)",https://asco.lcsr.jhu.edu,Robotics
Ayse Gurses Lab,https://www.hopkinsmedicine.org/research/labs/a/ayse-gurses-lab,Medicine
Bakker Memory Lab,https://www.hopkinsmedicine.org/research/labs/b/bakker-memory-lab,Medicine
Balagopal Lab - Viral Hepatitis and Translational Virology,https://www.hopkinsmedicine.org/research/labs/a/ashwin-balagopal-lab,Medicine
Baumgarth Lab,https://publichealth.jhu.edu/departments/molecular-microbiology-and-immunology/research-and-practice/labs/baumgarth-lab,Public Health
Beer Lab,https://www.hopkinsmedicine.org/research/labs/b/beer-lab,Medicine
Benjamin Bodnar Lab,https://www.hopkinsmedicine.org/research/labs/b/benjamin-bodnar-lab,Medicine
Berger Lab,https://www.hopkinsmedicine.org/research/labs/b/berger-lab,Medicine
Bert Vogelstein Laboratory,https://www.hopkinsmedicine.org/research/labs/b/bert-vogelstein-laboratory,Medicine
Best Laboratory,https://www.hopkinsmedicine.org/research/labs/b/best-laboratory,Medicine
Bimal Ashar Lab,https://www.hopkinsmedicine.org/research/labs/b/bimal-ashar-lab,Medicine
Biophotonics Imaging Technologies (BIT) Laboratory,https://www.hopkinsmedicine.org/research/labs/b/biophotonics-imaging-technologies-bit-laboratory,Medicine
Borahay Lab: Gynecologic and Fibroids Research,https://www.hopkinsmedicine.org/research/labs/b/borahay-lab,Medicine
Bowditch Research Group,https://www.hopkinsmedicine.org/research/labs/b/bowditch-research-group,Medicine
Bradford Winters Lab,https://www.hopkinsmedicine.org/research/labs/b/bradford-winters-lab,Medicine
Bradley Undem Lab,https://www.hopkinsmedicine.org/research/labs/b/bradley-undem-lab,Medicine
Brain Cancer Biology and Therapy Lab,https://www.hopkinsmedicine.org/research/labs/b/brain-cancer-biology-and-therapy-lab,Medicine
Brain Tumor Genetics Lab,https://www.hopkinsmedicine.org/research/labs/b/brain-tumor-genetics-lab,Medicine
Brain Tumor Laboratory,https://www.hopkinsmedicine.org/research/labs/b/brain-tumor-laboratory,Medicine
Brandon C. Bukowski Lab,https://bukowskigroup.wse.jhu.edu/,Chemical and Biomolecular Engineering
Brendan Cormack Laboratory,https://www.hopkinsmedicine.org/research/labs/b/brendan-cormack-laboratory,Medicine
Brendan J. Canning Lab,https://www.hopkinsmedicine.org/research/labs/b/brendan-j-canning-lab,Medicine
Brennen Lab,https://www.hopkinsmedicine.org/research/labs/b/brennen-lab,Medicine
Brent Petty Lab,https://www.hopkinsmedicine.org/research/labs/b/brent-petty-lab,Medicine
Brian Garibaldi Lab,https://www.hopkinsmedicine.org/research/labs/b/brian-garibaldi-lab,Medicine
Brown Lab,https://www.hopkinsmedicine.org/research/labs/b/brown-lab,Medicine
Bruce Leff Lab,https://www.hopkinsmedicine.org/research/labs/b/bruce-leff-lab,Medicine
Bryan Lau Lab,https://www.hopkinsmedicine.org/research/labs/b/bryan-lau-lab,Medicine
C. David Mintz Lab,https://www.hopkinsmedicine.org/research/labs/c/c-david-mintz-lab,Medicine
C. John Sperati Lab,https://www.hopkinsmedicine.org/research/labs/c/c-john-sperati-lab,Medicine
CORE-320 Multicenter Trial Lab,https://www.hopkinsmedicine.org/research/labs/c/core-320-multicenter-trial-lab,Medicine
Caleb Alexander Lab,https://www.hopkinsmedicine.org/research/labs/c/caleb-alexander-lab,Medicine
Cammarato Lab,https://www.hopkinsmedicine.org/research/labs/c/cammarato-lab,Medicine
Cardiac Surgery Research Lab,https://www.hopkinsmedicine.org/research/labs/c/cardiac-surgery-research-lab,Medicine
Cardiology Bioengineering Laboratory,https://www.hopkinsmedicine.org/research/labs/c/cardiology-bioengineering-laboratory,Medicine
Caren L. Freel Meyers Laboratory,https://www.hopkinsmedicine.org/research/labs/c/caren-l-freel-meyers-laboratory,Medicine
Carey Research Group,https://www.hopkinsmedicine.org/research/labs/c/carey-research-group,Medicine
Carlo Colantuoni Laboratory,https://www.hopkinsmedicine.org/research/labs/c/carlo-colantuoni-laboratory,Medicine
Casey Overby Lab,https://www.hopkinsmedicine.org/research/labs/c/casey-overby-lab,Medicine
Center for A Livable Future,https://clf.jhsph.edu/,Environmental Health and Engineering
Center for Alternatives to Animal Testing,https://caat.jhsph.edu/,Environmental Health and Engineering
Center for Bioengineering Innovation and Design,https://cbid.bme.jhu.edu/,Biomedical Engineering
Center for Cell Dynamics (CCD),https://celldynamics.johnshopkins.edu/,Chemical and Biomolecular Engineering
Center for Climate-Smart Transportation,https://publichealth.jhu.edu/center-for-climate-smart-transportation,Environmental Health and Engineering
Center for Computational Biology,https://ccb.jhu.edu/,Biomedical Engineering
Center for Health Security,https://www.centerforhealthsecurity.org/,Environmental Health and Engineering
Center for Hearing and Balance,https://www.hopkinsmedicine.org/hearing-balance/,Biomedical Engineering
Center for Microphysiological Systems,https://www.mps.jhu.edu/,Biomedical Engineering
Centers & Institutes,https://www.bme.jhu.edu/research/centers-institutes/,Biomedical Engineering
Cervical Cancer Research Lab,https://www.hopkinsmedicine.org/research/labs/c/cervical-cancer-research-lab,Medicine
Cervical Dysplasia Research Lab,https://www.hopkinsmedicine.org/research/labs/c/cervical-dysplasia-research-lab,Medicine
Chao Wang Lab,https://nel.johnshopkins.edu/,Chemical and Biomolecular Engineering
Charles Hugh Brown Lab,https://www.hopkinsmedicine.org/research/labs/c/charles-hugh-brown-lab,Medicine
Charles Locke Lab,https://www.hopkinsmedicine.org/research/labs/c/charles-locke-lab,Medicine
Charles W. Flexner Laboratory,https://www.hopkinsmedicine.org/research/labs/c/charles-w-flexner-laboratory,Medicine
Charles Wiener Lab,https://www.hopkinsmedicine.org/research/labs/c/charles-wiener-lab,Medicine
Cheryl Dennison Himmelfarb Lab,https://www.hopkinsmedicine.org/research/labs/c/cheryl-dennison-himmelfarb-lab,Medicine
Chester Chambers Lab,https://www.hopkinsmedicine.org/research/labs/c/chester-chambers-lab,Medicine
Chirag Parikh Lab,https://www.hopkinsmedicine.org/research/labs/c/chirag-parikh-lab,Medicine
Chloe Thio Lab,https://www.hopkinsmedicine.org/research/labs/c/chloe-thio-lab,Medicine
Chordoma Lab,https://www.hopkinsmedicine.org/research/labs/c/chordoma-lab,Medicine
Chris Honey Lab,https://www.honeylab.org/,Psychological & Brain Sciences
Christian Merlo Lab,https://www.hopkinsmedicine.org/research/labs/c/christian-merlo-lab,Medicine
Christine Durand Lab,https://www.hopkinsmedicine.org/research/labs/c/christine-durand-lab,Medicine
Christopher A. Ross Lab,https://www.hopkinsmedicine.org/research/labs/c/christopher-a-ross-lab,Medicine
Christopher Chute Lab,https://www.hopkinsmedicine.org/research/labs/c/christopher-chute-lab,Medicine
Christopher Potter Lab,https://www.hopkinsmedicine.org/research/labs/c/christopher-potter-lab,Medicine
Chulan Kwon Laboratory,https://www.hopkinsmedicine.org/research/labs/c/chulan-kwon-laboratory,Medicine
Claire Snyder Lab,https://www.hopkinsmedicine.org/research/labs/c/claire-snyder-lab,Medicine
Clare Rock Lab,https://www.hopkinsmedicine.org/research/labs/c/clare-rock-lab,Medicine
Clifton O. Bingham III Lab,https://www.hopkinsmedicine.org/research/labs/c/clifton-o-bingham-iii-lab,Medicine
Clinical Laboratory and Biomarkers Core,https://www.hopkinsmedicine.org/research/labs/c/clinical-laboratory-and-biomarkers-core,Medicine
Cochlear Neurotransmission Group,https://www.hopkinsmedicine.org/research/labs/c/cochlear-neurotransmission-group,Medicine
Cognitive Neuroscience and Machine Learning Lab,https://www.bonnerlab.org/,Cognitive Science
Colleen Christmas Lab,https://www.hopkinsmedicine.org/research/labs/c/colleen-christmas-lab,Medicine
Coller Lab,https://www.hopkinsmedicine.org/research/labs/c/coller-lab,Medicine
Computational Cognitive Neuroscience Lab,https://www.isiklab.org/,Cognitive Science
Computational Neuroscience Laboratory,https://www.hopkinsmedicine.org/research/labs/c/computational-neuroscience-laboratory,Medicine
Computational Sensory-Motor Systems Lab (CSMS),https://engineering.jhu.edu/csms/,Robotics
Computational Sensory-Motor Systems Laboratory,https://engineering.jhu.edu/csms/,Electrical and Computer Engineering
Computer Graphics Group,https://www.cs.jhu.edu/~graphics/,Computer Science
Constance Monitto Lab,https://www.hopkinsmedicine.org/research/labs/c/constance-monitto-lab,Medicine
Courtney Robertson Lab,https://www.hopkinsmedicine.org/research/labs/c/courtney-robertson-lab,Medicine
Craig Pollack Lab,https://www.hopkinsmedicine.org/research/labs/c/craig-pollack-lab,Medicine
Craig W. Hendrix Lab,https://www.hopkinsmedicine.org/research/labs/c/craig-w-hendrix-lab,Medicine
Cynthia Boyd Lab,https://www.hopkinsmedicine.org/research/labs/c/cynthia-boyd-lab,Medicine
Cynthia Sears Laboratory,https://www.hopkinsmedicine.org/research/labs/c/cynthia-sears-laboratory,Medicine
DNA Diagnostic Lab,https://www.hopkinsmedicine.org/research/labs/d/dna-diagnostic-lab,Medicine
Daeyeol Lee Lab,https://sites.krieger.jhu.edu/daeyeol-lee-lab/,Psychological & Brain Sciences
Dagnelie Ultra Low Vision Lab,https://www.hopkinsmedicine.org/research/labs/d/dagnelie-ultra-low-vision-lab,Medicine
Danelle O. Cayea Lab,https://www.hopkinsmedicine.org/research/labs/d/danelle-o-cayea-lab,Medicine
Daniel Brotman Lab,https://www.hopkinsmedicine.org/research/labs/d/daniel-brotman-lab,Medicine
Daniel Ford Lab,https://www.hopkinsmedicine.org/research/labs/d/daniel-ford-lab,Medicine
Daniel Kuespert Lab,https://www.hopkinsmedicine.org/research/labs/d/daniel-kuespert-lab,Medicine
Daniel Nyhan Lab,https://www.hopkinsmedicine.org/research/labs/d/daniel-nyhan-lab,Medicine
Daniel Weinberger Laboratory,https://www.hopkinsmedicine.org/research/labs/d/daniel-weinberger-laboratory,Medicine
Dara Kraitchman Laboratory,https://www.hopkinsmedicine.org/research/labs/d/dara-kraitchman-laboratory,Medicine
David Celentano Lab,https://www.hopkinsmedicine.org/research/labs/d/david-celentano-lab,Medicine
David Dowdy Lab,https://www.hopkinsmedicine.org/research/labs/d/david-dowdy-lab,Medicine
David Gracias Lab,https://graciaslab.johnshopkins.edu/,Chemical and Biomolecular Engineering
David Graham Lab,https://www.hopkinsmedicine.org/research/labs/d/david-graham-lab,Medicine
David Hager Lab,https://www.hopkinsmedicine.org/research/labs/d/david-hager-lab,Medicine
David Linden Lab,https://www.hopkinsmedicine.org/research/labs/d/david-linden-lab,Medicine
David MacGlashan Laboratory,https://www.hopkinsmedicine.org/research/labs/d/david-macglashan-laboratory,Medicine
David Moller Lab,https://www.hopkinsmedicine.org/research/labs/d/david-moller-lab,Medicine
David Sack Lab,https://www.hopkinsmedicine.org/research/labs/d/david-sack-lab,Medicine
David Shade Lab,https://www.hopkinsmedicine.org/research/labs/d/david-shade-lab,Medicine
David Sullivan Lab,https://www.hopkinsmedicine.org/research/labs/d/david-sullivan-lab,Medicine
David Thomas Lab,https://www.hopkinsmedicine.org/research/labs/d/david-thomas-lab,Medicine
David Thompson Lab,https://www.hopkinsmedicine.org/research/labs/d/david-thompson-lab,Medicine
Deborah Schwengel Lab,https://www.hopkinsmedicine.org/research/labs/d/deborah-schwengel-lab,Medicine
Deidra Crews Lab,https://www.hopkinsmedicine.org/research/labs/d/deidra-crews-lab,Medicine
Denis Wirtz Lab,https://wirtzlab.johnshopkins.edu/,Chemical and Biomolecular Engineering
Devreotes Laboratory,https://www.hopkinsmedicine.org/research/labs/d/devreotes-laboratory,Medicine
Dhananjay Vaidya Lab,https://www.hopkinsmedicine.org/research/labs/d/dhananjay-vaidya-lab,Medicine
Diane Griffin Lab,https://www.hopkinsmedicine.org/research/labs/d/diane-griffin-lab,Medicine
Digital Signal Processing Lab,https://ep.jhu.edu/courses/525630-digital-signal-processing-lab/,Electrical and Computer Engineering
Distributed Systems and Networks Lab,https://jhu-dsn.github.io/,Computer Science
Dmitri Artemov Lab,https://www.hopkinsmedicine.org/research/labs/d/dmitri-artemov-lab,Medicine
Doan Dao Lab,https://www.hopkinsmedicine.org/research/labs/d/doan-dao-lab,Medicine
Doetzlhofer Laboratory - Center for Sensory Biology,https://www.hopkinsmedicine.org/research/labs/d/doetzlhofer-laboratory---center-for-sensory-biology,Medicine
Donald Shaffner Lab,https://www.hopkinsmedicine.org/research/labs/d/donald-shaffner-lab,Medicine
Dong Laboratory,https://www.hopkinsmedicine.org/research/labs/d/dong-laboratory,Medicine
Douglas Ball Lab,https://www.hopkinsmedicine.org/research/labs/d/douglas-ball-lab,Medicine
Drew Pardoll Lab,https://www.hopkinsmedicine.org/research/labs/d/drew-pardoll-lab,Medicine
Drug Discovery Group,https://www.hopkinsmedicine.org/research/labs/d/drug-discovery-group,Medicine
Duvuru Geetha Lab,https://www.hopkinsmedicine.org/research/labs/d/duvuru-geetha-lab,Medicine
Dwight Bergles Laboratory,https://www.hopkinsmedicine.org/research/labs/d/dwight-bergles-laboratory,Medicine
Dölen Lab,https://www.hopkinsmedicine.org/research/labs/d/dolen-lab,Medicine
Early Detection of Pancreatic Cancer Laboratory,https://www.hopkinsmedicine.org/research/labs/e/early-detection-of-pancreatic-cancer-laboratory,Medicine
"Eberhart, Rodriguez and Raabe Lab",https://www.hopkinsmedicine.org/research/labs/e/eberhart-rodriguez-raabe-lab,Medicine
Ed Connor Laboratory,https://www.hopkinsmedicine.org/research/labs/e/ed-connor-laboratory,Medicine
Edgar Miller Lab,https://www.hopkinsmedicine.org/research/labs/e/edgar-miller-lab,Medicine
Education & Research Center for Occupational Safety & Health,https://www.jhsph.edu/research/centers-and-institutes/johns-hopkins-education-and-research-center-for-occupational-safety-and-health/,Environmental Health and Engineering
Edward Chen Lab,https://www.hopkinsmedicine.org/research/labs/e/edward-chen-lab,Medicine
Edward Kraus Lab,https://www.hopkinsmedicine.org/research/labs/e/edward-kraus-lab,Medicine
Efie Kokkoli Lab,https://kokkolilab.wse.jhu.edu/,Chemical and Biomolecular Engineering
Ekta Gupta's Lab,https://www.hopkinsmedicine.org/research/labs/e/ekta-guptas-lab,Medicine
Elham Afghani Lab,https://www.hopkinsmedicine.org/research/labs/e/elham-afghani-lab,Medicine
Eliseo Guallar Lab,https://www.hopkinsmedicine.org/research/labs/e/eliseo-guallar-lab,Medicine
Elisseeff Lab,https://www.hopkinsmedicine.org/research/labs/e/elisseeff-lab,Medicine
Elizabeth Daugherty Lab,https://www.hopkinsmedicine.org/research/labs/e/elizabeth-daugherty-lab,Medicine
Elizabeth Hunt Lab,https://www.hopkinsmedicine.org/research/labs/e/elizabeth-hunt-lab,Medicine
Elizabeth Selvin Lab,https://www.hopkinsmedicine.org/research/labs/e/elizabeth-selvin-lab,Medicine
Elizabeth Tucker Lab,https://www.hopkinsmedicine.org/research/labs/e/elizabeth-tucker-tab,Medicine
Emily Kendall Research Group,https://www.hopkinsmedicine.org/research/labs/e/emily-kendall-research-group,Medicine
Enid Neptune Lab,https://www.hopkinsmedicine.org/research/labs/e/enid-neptune-lab,Medicine
Eric Bass Lab,https://www.hopkinsmedicine.org/research/labs/e/eric-bass-lab,Medicine
Eric McCollum Lab,https://www.hopkinsmedicine.org/research/labs/e/eric-mccollum-lab,Medicine
Eric Nuermberger Lab,https://www.hopkinsmedicine.org/research/labs/e/eric-nuermberger-lab,Medicine
Erica Johnson Lab,https://www.hopkinsmedicine.org/research/labs/e/erica-johnson-lab,Medicine
Erika Matunis Laboratory,https://www.hopkinsmedicine.org/research/labs/e/erika-matunis-laboratory,Medicine
Espenshade Lab,https://www.hopkinsmedicine.org/research/labs/e/espenshade-lab,Medicine
Esther Oh Lab,https://www.hopkinsmedicine.org/research/labs/e/esther-oh-lab,Medicine
Eugene Shenderov Laboratory,https://www.hopkinsmedicine.org/research/labs/e/eugene-shenderov-laboratory,Medicine
Eun Ji Shin Lab,https://www.hopkinsmedicine.org/research/labs/e/eun-ji-shin-lab,Medicine
Faria Lab,https://www.hopkinsmedicine.org/research/labs/f/faria-lab,Medicine
Felipe Andrade Laboratory,https://www.hopkinsmedicine.org/research/labs/f/felipe-andrade-laboratory,Medicine
Florin Selaru Lab,https://www.hopkinsmedicine.org/research/labs/f/florin-selaru-lab,Medicine
Follow the Leader: Specialized Cancer Cells Lead Collective Invasion (Ewald Lab),https://www.hopkinsmedicine.org/research/labs/f/follow-the-leader-specialized-cancer-cells-lead-collective-invasion-ewald-lab,Medicine
Foster Lab,https://www.hopkinsmedicine.org/research/labs/f/foster-lab,Medicine
Franck Housseau Lab,https://www.hopkinsmedicine.org/research/labs/f/franck-housseau-lab,Medicine
Franco D’Alessio Lab,https://www.hopkinsmedicine.org/research/labs/f/franco-dalessio-lab,Medicine
Frederick Anokye-Danso Lab,https://www.hopkinsmedicine.org/research/labs/f/frederick-anokye-danso-lab,Medicine
Frederick Sieber Lab,https://www.hopkinsmedicine.org/research/labs/f/frederick-sieber-lab,Medicine
Fredrick Wigley Lab,https://www.hopkinsmedicine.org/research/labs/f/fredrick-wigley-lab,Medicine
Frueh Laboratory,https://www.hopkinsmedicine.org/research/labs/f/frueh-laboratory,Medicine
Fu Lab,https://www.hopkinsmedicine.org/research/labs/f/fu-lab,Medicine
Functional Neurosurgery Laboratory,https://www.hopkinsmedicine.org/research/labs/f/functional-neurosurgery-laboratory,Medicine
GI Biomarkers Laboratory,https://www.hopkinsmedicine.org/research/labs/g/gi-biomarkers-laboratory,Medicine
GI Early Detection Biomarkers Lab,https://www.hopkinsmedicine.org/research/labs/g/gi-early-detection-biomarkers-lab,Medicine
Gabsang Lee Lab,https://www.hopkinsmedicine.org/research/labs/g/gabsang-lee-lab,Medicine
Gail Berkenblit Lab,https://www.hopkinsmedicine.org/research/labs/g/gail-berkenblit-lab,Medicine
Gail Daumit Lab,https://www.hopkinsmedicine.org/research/labs/g/gail-daumit-lab,Medicine
Gail Geller Lab,https://www.hopkinsmedicine.org/research/labs/g/gail-geller-lab,Medicine
Gary Wand Lab,https://www.hopkinsmedicine.org/research/labs/g/gary-wand-lab,Medicine
Geethanath Laboratory for Accessible Magnetic Resonance,https://www.hopkinsmedicine.org/research/labs/g/geethanath-laboratory-for-accessible-magnetic-resonance,Medicine
George Rose Lab,https://www.hopkinsmedicine.org/research/labs/g/george-rose-lab,Medicine
Gerard Anderson Lab,https://www.hopkinsmedicine.org/research/labs/g/gerard-anderson-lab,Medicine
Gerard E. Mullin Lab,https://www.hopkinsmedicine.org/research/labs/g/gerard-e-mullin-lab,Medicine
Gilkes Lab,https://www.hopkinsmedicine.org/research/labs/g/gilkes-lab,Medicine
Gilotra Lab,https://www.hopkinsmedicine.org/research/labs/g/gilotra-lab,Medicine
Glowatzki Lab,https://www.hopkinsmedicine.org/research/labs/g/glowatzki-lab,Medicine
Goley Lab,https://www.hopkinsmedicine.org/research/labs/g/goley-lab,Medicine
Graham Mooney Lab,https://www.hopkinsmedicine.org/research/labs/g/graham-mooney-lab,Medicine
Grant (Xuguang) Tao Lab,https://www.hopkinsmedicine.org/research/labs/g/grant-xuguang-tao-lab,Medicine
Grayson Lab for Craniofacial and Orthopaedic Tissue Engineering,https://www.hopkinsmedicine.org/research/labs/g/grayson-lab-for-craniofacial-and-orthopaedic-tissue-engineering,Medicine
Green Group,https://www.hopkinsmedicine.org/research/labs/g/green-group,Medicine
Green Lab,https://www.hopkinsmedicine.org/research/labs/g/green-lab,Medicine
Gregg Semenza Lab,https://www.hopkinsmedicine.org/research/labs/g/gregg-semenza-lab,Medicine
Gregory Diette Laboratory,https://www.hopkinsmedicine.org/research/labs/g/gregory-diette-laboratory,Medicine
Gregory Kirk Lab,https://www.hopkinsmedicine.org/research/labs/g/gregory-kirk-lab,Medicine
Greider Lab,https://www.hopkinsmedicine.org/research/labs/g/greider-lab,Medicine
Group for Language and Intelligence,https://nam02.safelinks.protection.outlook.com/?url=https%3A%2F%2Fwww.glintlab.org%2F&data=05%7C02%7Csciotol3%40jhu.edu%7C6b8568109d3c43f65cbc08dcdbc74a01%7C9fa4f438b1e6473b803f86f8aedf0dec%7C0%7C0%7C638626896233526777%7CUnknown%7CTWFpbGZsb3d8eyJWIjoiMC4wLjAwMDAiLCJQIjoiV2luMzIiLCJBTiI6Ik1haWwiLCJXVCI6Mn0%3D%7C0%7C%7C%7C&sdata=l%2FXuPaYhaqaNy3fawTRZVHn3UC9XtdOWqgVd9bkA3EQ%3D&reserved=0,Cognitive Science
Guang William Wong Lab,https://www.hopkinsmedicine.org/research/labs/g/guang-william-wong-lab,Medicine
HEPIUS Innovation Lab,https://www.hopkinsmedicine.org/research/labs/h/hepius-innovation-lab,Medicine
HPTN (HIV Prevention Trials Network) Network Lab,https://www.hopkinsmedicine.org/research/labs/h/hptn-network-lab,Medicine
Hadi Kharrazi Lab,https://www.hopkinsmedicine.org/research/labs/h/hadi-kharrazi-lab,Medicine
Hamid Rabb Lab,https://www.hopkinsmedicine.org/research/labs/h/hamid-rabb-lab,Medicine
Hanan Aboumatar Lab,https://www.hopkinsmedicine.org/research/labs/h/hanan-aboumatar-lab,Medicine
Haptics and Medical Robotics Lab (HAMR),https://hamr.lcsr.jhu.edu/,Robotics
Harold Lehmann Lab,https://www.hopkinsmedicine.org/research/labs/h/harold-lehmann-lab,Medicine
Haughey Lab: Neurodegenerative and Neuroinfectious Disease,https://www.hopkinsmedicine.org/research/labs/h/haughey-lab-neurodegenerative-and-neuroinfectious-disease,Medicine
Heng Zhu Lab,https://www.hopkinsmedicine.org/research/labs/h/heng-zhu-lab,Medicine
Henry Fessler Lab,https://www.hopkinsmedicine.org/research/labs/h/henry-fessler-lab,Medicine
Henry Michtalik Lab,https://www.hopkinsmedicine.org/research/labs/h/henry-michtalik-lab,Medicine
Hey-Kyoung Lee Lab,https://www.hopkinsmedicine.org/research/labs/h/hey-kyoung-lee-lab,Medicine
Hoffmann Lab,https://www.hopkinsmedicine.org/research/labs/h/hoffmann-lab,Medicine
Honggang Cui Lab,https://pages.jh.edu/cui/,Chemical and Biomolecular Engineering
Hsin-Chieh Yeh Lab,https://www.hopkinsmedicine.org/research/labs/h/hsin-chieh-yeh-lab,Medicine
Hsu Lab,https://www.hopkinsmedicine.org/research/labs/h/hsu-lab,Medicine
Huang Laboratory,https://www.hopkinsmedicine.org/research/labs/h/huang-laboratory,Medicine
IBD and Autoimmune Liver Diseases Laboratory,https://www.hopkinsmedicine.org/research/labs/i/ibd-and-autoimmune-liver-diseases-laboratory,Medicine
Inoue Lab,https://www.hopkinsmedicine.org/research/labs/i/inoue-lab,Medicine
Institute for Cell Engineering (ICE),https://www.hopkinsmedicine.org/institute_cell_engineering/,Chemical and Biomolecular Engineering
Institute for NanoBioTechnology (INBT),https://inbt.jhu.edu/,Chemical and Biomolecular Engineering
Integrated Photonics Laboratory,https://engineering.jhu.edu/jhuipl/,Electrical and Computer Engineering
Intelligent Medical Robotic Systems and Equipment Lab (IMERSE),https://imerse.lcsr.jhu.edu/,Robotics
Interventional Cardiology Research Group,https://www.hopkinsmedicine.org/research/labs/i/interventional-cardiology-research-group,Medicine
Ivor Berkowitz Lab,https://www.hopkinsmedicine.org/research/labs/i/ivor-berkowitz-lab,Medicine
J. Hunter Young Lab,https://www.hopkinsmedicine.org/research/labs/j/j-hunter-young-lab,Medicine
J. Marie Hardwick Laboratory,https://www.hopkinsmedicine.org/research/labs/j/j-marie-hardwick-laboratory,Medicine
J. Webster Stayman Lab,https://www.hopkinsmedicine.org/research/labs/j/j-webster-stayman-lab,Medicine
James Fackler Lab,https://www.hopkinsmedicine.org/research/labs/j/james-fackler-lab,Medicine
James Hamilton Lab,https://www.hopkinsmedicine.org/research/labs/j/james-hamilton-lab,Medicine
James Knierim Laboratory,https://www.hopkinsmedicine.org/research/labs/j/james-knierim-laboratory,Medicine
James Pekar Lab,https://www.hopkinsmedicine.org/research/labs/j/james-pekar-lab,Medicine
James Sham Lab,https://www.hopkinsmedicine.org/research/labs/j/james-sham-lab,Medicine
Jamie Murphy Lab,https://www.hopkinsmedicine.org/research/labs/j/jamie-murphy-lab,Medicine
Jamie Spangler Lab,https://www.spanglerlab.org/,Chemical and Biomolecular Engineering
Janet Record Lab,https://www.hopkinsmedicine.org/research/labs/j/janet-record-lab,Medicine
Janet Siliciano Lab,https://www.hopkinsmedicine.org/research/labs/j/janet-siliciano-lab,Medicine
Jantzie Lab,https://www.hopkinsmedicine.org/research/labs/j/jantzie-lab,Medicine
Jean Kim Lab,https://www.hopkinsmedicine.org/research/labs/j/jean-kim-lab,Medicine
Jeanne Clark Lab: GIM Research,https://www.hopkinsmedicine.org/research/labs/j/jeanne-clark-lab-gim-research,Medicine
Jeff Bulte Lab,https://www.hopkinsmedicine.org/research/labs/j/jeff-bulte-lab,Medicine
Jeffrey Dodd-o Lab,https://www.hopkinsmedicine.org/research/labs/j/jeffrey-dodd-o-lab,Medicine
Jeffrey Gray Lab,https://graylab.jhu.edu/,Chemical and Biomolecular Engineering
Jennifer Elisseeff Lab,https://elisseefflab.jhu.edu/,Chemical and Biomolecular Engineering
Jennifer Foulke-Abel Lab,https://www.hopkinsmedicine.org/research/labs/j/jennifer-foulke-abel-lab,Medicine
Jennifer Lee-Summers Lab,https://www.hopkinsmedicine.org/research/labs/j/jennifer-lee-summers-lab,Medicine
Jeremy Greene Lab,https://www.hopkinsmedicine.org/research/labs/j/jeremy-greene-lab,Medicine
Jeremy Nathans Laboratory,https://www.hopkinsmedicine.org/research/labs/j/jeremy-nathans-laboratory,Medicine
Jeremy Sugarman Lab,https://www.hopkinsmedicine.org/research/labs/j/jeremy-sugarman-lab,Medicine
Jinyuan Zhou Lab,https://www.hopkinsmedicine.org/research/labs/j/jinyuan-zhou-lab,Medicine
Joanna Melia Lab,https://www.hopkinsmedicine.org/research/labs/j/joanna-melia-lab,Medicine
Joanna Peloquin Lab,https://www.hopkinsmedicine.org/research/labs/j/joanna-peloquin-lab,Medicine
Joanne Shay Lab,https://www.hopkinsmedicine.org/research/labs/j/joanne-shay-lab,Medicine
Jochen Steppan Lab,https://www.hopkinsmedicine.org/research/labs/j/jochen-steppan-lab,Medicine
Jodi Segal Lab,https://www.hopkinsmedicine.org/research/labs/j/jodi-segal-lab,Medicine
Jody Tversky Lab,https://www.hopkinsmedicine.org/research/labs/j/jody-tversky-lab,Medicine
Joel Blankson Lab,https://www.hopkinsmedicine.org/research/labs/j/joel-blankson-lab,Medicine
Joel Pomerantz Laboratory,https://www.hopkinsmedicine.org/research/labs/j/joel-pomerantz-laboratory,Medicine
John Aucott Lab,https://www.hopkinsmedicine.org/research/labs/j/john-aucott-lab,Medicine
John Carey Lab,https://www.hopkinsmedicine.org/research/labs/j/john-carey-lab,Medicine
John Matthew Austin Lab,https://www.hopkinsmedicine.org/research/labs/j/john-matthew-austin-lab,Medicine
John Sampson Lab,https://www.hopkinsmedicine.org/research/labs/j/john-sampson-lab,Medicine
John Schroeder Lab,https://www.hopkinsmedicine.org/research/labs/j/john-schroeder-lab,Medicine
John Ulatowski Lab,https://www.hopkinsmedicine.org/research/labs/j/john-ulatowski-lab,Medicine
"Johns Hopkins University Dermatology, Allergy and Clinical Immunology (DACI) Reference Laboratory",https://www.hopkinsmedicine.org/research/labs/j/johns-hopkins-university-dermatology-allergy-and-clinical-immunology-daci-reference-laboratory,Medicine
Johnston-Hwang Lab,https://www.hopkinsmedicine.org/research/labs/j/johnston-hwang-lab,Medicine
Jonathan Golub Lab,https://www.hopkinsmedicine.org/research/labs/j/jonathan-golub-lab,Medicine
Jonathan Jun Lab,https://www.hopkinsmedicine.org/research/labs/j/jonathan-jun-lab,Medicine
Jonathan Orens Lab,https://www.hopkinsmedicine.org/research/labs/j/jonathan-orens-lab,Medicine
Jonathan Walsh Lab,https://www.hopkinsmedicine.org/research/labs/j/jonathan-walsh-lab,Medicine
Jonathan Weiner Lab,https://www.hopkinsmedicine.org/research/labs/j/jonathan-weiner-lab,Medicine
Jonathan Zenilman Lab,https://www.hopkinsmedicine.org/research/labs/j/jonathan-zenilman-lab,Medicine
Josef Coresh Lab,https://www.hopkinsmedicine.org/research/labs/j/josef-coresh-lab,Medicine
Joseph Carrese Lab,https://www.hopkinsmedicine.org/research/labs/j/joseph-carrese-lab,Medicine
Joseph Cofrancesco Jr. Lab,https://www.hopkinsmedicine.org/research/labs/j/joseph-cofrancesco-jr-lab,Medicine
Joseph Gallo Lab,https://www.hopkinsmedicine.org/research/labs/j/joseph-gallo-lab,Medicine
Joseph Mankowski Lab,https://www.hopkinsmedicine.org/research/labs/j/joseph-mankowski-lab,Medicine
Joseph Margolick Lab,https://www.hopkinsmedicine.org/research/labs/j/joseph-margolick-lab,Medicine
Jun Hua Lab,https://www.hopkinsmedicine.org/research/labs/j/jun-hua-lab,Medicine
Jun O. Liu Laboratory,https://www.hopkinsmedicine.org/research/labs/j/jun-o-liu-laboratory,Medicine
Justin Bailey Lab,https://www.hopkinsmedicine.org/research/labs/j/justin-bailey-lab,Medicine
Kalina Hristova Lab,https://www.hopkinsmedicine.org/research/labs/k/kalina-hristova-lab,Medicine
Karakousis Lab,https://www.hopkinsmedicine.org/research/labs/k/karakousis-lab,Medicine
Karen Bandeen-Roche Lab,https://www.hopkinsmedicine.org/research/labs/k/karen-bandeen-roche-lab,Medicine
Karen Reddy Laboratory,https://www.hopkinsmedicine.org/research/labs/k/karen-reddy-laboratory,Medicine
Kashani Lab,https://www.hopkinsmedicine.org/research/labs/k/kashani-lab,Medicine
Kass Lab,https://www.hopkinsmedicine.org/research/labs/k/kass-lab,Medicine
Katherine Wilson Lab,https://www.hopkinsmedicine.org/research/labs/k/katherine-wilson-lab,Medicine
Kathleen Cullen Lab,https://www.hopkinsmedicine.org/research/labs/k/kathleen-cullen-lab,Medicine
Kathleen Gabrielson Laboratory,https://www.hopkinsmedicine.org/research/labs/k/kathleen-gabrielson-laboratory,Medicine
Kathleen Page Lab,https://www.hopkinsmedicine.org/research/labs/k/kathleen-page-lab,Medicine
Kathleen Sutcliffe Lab,https://www.hopkinsmedicine.org/research/labs/k/kathleen-sutcliffe-lab,Medicine
Kathryn Carson Lab,https://www.hopkinsmedicine.org/research/labs/k/kathryn-carson-lab,Medicine
Kawsar Rasmy Talaat Lab,https://www.hopkinsmedicine.org/research/labs/k/kawsar-rasmy-talaat-lab,Medicine
Kayode Williams Lab,https://www.hopkinsmedicine.org/research/labs/k/kayode-williams-lab,Medicine
Kechen Zhang Laboratory,https://www.hopkinsmedicine.org/research/labs/k/kechen-zhang-laboratory,Medicine
Kelly Gebo Lab,https://www.hopkinsmedicine.org/research/labs/k/kelly-gebo-lab,Medicine
Ken Hui Lab,https://www.hopkinsmedicine.org/research/labs/k/ken-hui-lab,Medicine
Ken Witwer Laboratory,https://www.hopkinsmedicine.org/research/labs/k/ken-witwer-laboratory,Medicine
Kendall Moseley Lab,https://www.hopkinsmedicine.org/research/labs/k/kendall-moseley-lab,Medicine
Kenneth J. Pienta Lab,https://www.hopkinsmedicine.org/research/labs/k/kenneth-j-pienta-lab,Medicine
Kenneth W. Kinzler Laboratory,https://www.hopkinsmedicine.org/research/labs/k/kenneth-w-kinzler-laboratory,Medicine
Kimberly Gudzune Lab,https://www.hopkinsmedicine.org/research/labs/k/kimberly-gudzune-lab,Medicine
King-Wai Yau Laboratory,https://www.hopkinsmedicine.org/research/labs/k/king-wai-yau-laboratory,Medicine
Klein Lab,https://www.sabrakleinlab.org/,Public Health
Komatsu Lab,https://www.hopkinsmedicine.org/research/labs/k/komatsu-lab,Medicine
Konig Lab,https://www.hopkinsmedicine.org/research/labs/k/konig-lab,Medicine
Kristin Riekert Lab,https://www.hopkinsmedicine.org/research/labs/k/kristin-riekert-lab,Medicine
Kristina Nielsen Laboratory,https://www.hopkinsmedicine.org/research/labs/k/kristina-nielsen-laboratory,Medicine
Kristine Glunde Lab,https://www.hopkinsmedicine.org/research/labs/k/kristine-glunde-lab,Medicine
Kunisaki Lab,https://www.hopkinsmedicine.org/research/labs/k/kunisaki-lab,Medicine
LCSR Laboratories,https://lcsr.jhu.edu/research/#LCSR-Labs,Robotics
Lab & Administrative Staff,https://pbs.jhu.edu/people/lab-and-administrative-staff/,Psychological & Brain Sciences
Lab Safety Manual,https://livejohnshopkins-my.sharepoint.com/:b:/g/personal/jader2_jh_edu/EbsyAxm8tSFNu7vqnAQdJ9oB_2TB1QmJRFsZWoCkERf5fQ?e=qJjA8b,Civil Engineering
Laboratories and Centers,https://engineering.jhu.edu/ece/research/laboratories-centers/,Electrical and Computer Engineering
Laboratory for Computational Audio Perception,https://engineering.jhu.edu/lcap,Electrical and Computer Engineering
Laboratory for Computational Motor Control,https://www.hopkinsmedicine.org/research/labs/l/laboratory-for-computational-motor-control,Medicine
Laboratory for Computational Sensing and Robotics,https://www.lcsr.jhu.edu/,Electrical and Computer Engineering
Laboratory for Fetal and Neonatal Organ Regeneration,https://www.hopkinsmedicine.org/research/labs/l/laboratory-fetal-neonatal-organ-regeneration,Medicine
Laboratory for Integrated NanoDiagnostics (LIND),https://www.hopkinsmedicine.org/research/labs/l/laboratory-for-integrated-nanodiagnostics,Medicine
Laboratory of Airway Immunity,https://www.hopkinsmedicine.org/research/labs/l/laboratory-of-airway-immunity,Medicine
Laboratory of Computational Intensive Care Medicine (Stevens Lab),https://www.hopkinsmedicine.org/research/labs/c/computational-intensive-care-medicine,Medicine
Laboratory of Richard L. Huganir,https://www.hopkinsmedicine.org/research/labs/l/laboratory-of-richard-l-huganir,Medicine
Laboratory of Vestibular NeuroAdaptation,https://www.hopkinsmedicine.org/research/labs/l/laboratory-of-vestibular-neuroadaptation,Medicine
Lakshmi Santhanam Lab,https://www.hopkinsmedicine.org/research/labs/l/lakshmi-santhanam-lab,Medicine
Lamichhane Lab,https://www.hopkinsmedicine.org/research/labs/l/lamichhane-lab,Medicine
Lana Lee Lab,https://www.hopkinsmedicine.org/research/labs/l/lana-lee-lab,Medicine
Landon King Lab,https://www.hopkinsmedicine.org/research/labs/l/landon-king-lab,Medicine
Larissa Shimoda Lab,https://www.hopkinsmedicine.org/research/labs/l/larissa-shimoda-lab,Medicine
Larry Chang Lab,https://www.hopkinsmedicine.org/research/labs/l/larry-chang-lab,Medicine
Laura Hummers Lab,https://www.hopkinsmedicine.org/research/labs/l/laura-hummers-lab,Medicine
Lee Bone Lab,https://www.hopkinsmedicine.org/research/labs/l/lee-bone-lab,Medicine
Lee Martin Laboratory,https://www.hopkinsmedicine.org/research/labs/l/lee-martin-laboratory,Medicine
Lei Zheng Lab,https://www.hopkinsmedicine.org/research/labs/l/lei-zheng-lab,Medicine
Leonard Feldman Lab,https://www.hopkinsmedicine.org/research/labs/l/leonard-feldman-lab,Medicine
Lewis Romer Lab,https://www.hopkinsmedicine.org/research/labs/l/lewis-romer-lab,Medicine
Li Gao Lab,https://www.hopkinsmedicine.org/research/labs/l/li-gao-lab,Medicine
Liliana Florea Lab,https://www.hopkinsmedicine.org/research/labs/l/liliana-florea-lab,Medicine
Lilly Engineer Lab,https://www.hopkinsmedicine.org/research/labs/l/lilly-engineer-lab,Medicine
Lima Lab,https://www.hopkinsmedicine.org/research/labs/l/lima-lab,Medicine
Linda Smith-Resar Lab,https://www.hopkinsmedicine.org/research/labs/l/linda-smith-resar-lab,Medicine
Lisa Cooper Lab,https://www.hopkinsmedicine.org/research/labs/l/lisa-cooper-lab,Medicine
Lisa Maragakis Lab,https://www.hopkinsmedicine.org/research/labs/l/lisa-maragakis-lab,Medicine
Lisa Yanek Lab,https://www.hopkinsmedicine.org/research/labs/l/lisa-yanek-lab,Medicine
Liudmila Cebotaru Lab,https://www.hopkinsmedicine.org/research/labs/l/liudmila-cebotaru-lab,Medicine
Livia Casciola-Rosen Lab,https://www.hopkinsmedicine.org/research/labs/l/livia-casciola-rosen-lab,Medicine
Lonny Yarmus Lab,https://www.hopkinsmedicine.org/research/labs/l/lonny-yarmus-lab,Medicine
Loyal Goff Laboratory,https://www.hopkinsmedicine.org/research/labs/l/loyal-goff-laboratory,Medicine
Lynette Mark Lab,https://www.hopkinsmedicine.org/research/labs/l/lynette-mark-lab,Medicine
M-Irfan Suleman Lab,https://www.hopkinsmedicine.org/research/labs/m/m-irfan-suleman-lab,Medicine
MUSIIC Research Laboratory,https://musiic.lcsr.jhu.edu/,Computer Science
Machine Biointerface Lab,https://www.hopkinsmedicine.org/research/labs/m/machine-biointerface-lab,Medicine
Mahendra Damarla Lab,https://www.hopkinsmedicine.org/research/labs/m/mahendra-damarla-lab,Medicine
Maqbool Dada Lab,https://www.hopkinsmedicine.org/research/labs/m/maqbool-dada-lab,Medicine
Marc Ostermeier Lab,https://ostermeierlab.johnshopkins.edu/,Chemical and Biomolecular Engineering
Marcia Canto Lab,https://www.hopkinsmedicine.org/research/labs/m/marcia-canto-lab,Medicine
Marek Mirski Lab,https://www.hopkinsmedicine.org/research/labs/m/marek-mirski-lab,Medicine
Marie Hanna Lab,https://www.hopkinsmedicine.org/research/labs/m/marie-hanna-lab,Medicine
Marie-France Penet Lab,https://www.hopkinsmedicine.org/research/labs/m/marie-france-penet-lab,Medicine
Mark Dredze Lab,https://www.hopkinsmedicine.org/research/labs/m/mark-dredze-lab,Medicine
Mark Hughes Lab,https://www.hopkinsmedicine.org/research/labs/m/mark-hughes-lab,Medicine
Mark Lazarev Lab,https://www.hopkinsmedicine.org/research/labs/m/mark-lazarev-lab,Medicine
Mark Levis Laboratory,https://www.hopkinsmedicine.org/research/labs/m/mark-levis-laboratory,Medicine
Mark Liu Lab,https://www.hopkinsmedicine.org/research/labs/m/mark-liu-lab,Medicine
Mark Sulkowski Lab,https://www.hopkinsmedicine.org/research/labs/m/mark-sulkowski-lab,Medicine
Marsh Lab,https://www.hopkinsmedicine.org/research/labs/m/marsh-lab,Medicine
Marshall Shuler Laboratory,https://www.hopkinsmedicine.org/research/labs/m/marshall-shuler-laboratory,Medicine
Marvel Cognitive Neuropsychiatric Research Laboratory,https://www.hopkinsmedicine.org/research/labs/m/marvel-cognitive-neuropsychiatric-research-lab,Medicine
Mary Beth Brady Lab,https://www.hopkinsmedicine.org/research/labs/m/mary-beth-brady-lab,Medicine
Mary Catherine Beach Lab,https://www.hopkinsmedicine.org/research/labs/m/mary-catherine-beach-lab,Medicine
Mary Fissell Lab,https://www.hopkinsmedicine.org/research/labs/m/mary-fissell-lab,Medicine
Maryam Jahromi Lab,https://www.hopkinsmedicine.org/research/labs/m/maryam-jahromi-lab,Medicine
Mathematical Institute for Data Science,https://www.minds.jhu.edu/,Biomedical Engineering
Mathematical Institute for Data Science (MINDS),https://www.minds.jhu.edu/,Biomedical Engineering
Mathioudakis Lab,https://www.hopkinsmedicine.org/research/labs/n/nestoras-mathioudakis-lab,Medicine
Matthew McNabney Lab,https://www.hopkinsmedicine.org/research/labs/m/matthew-mcnabney-lab,Medicine
Maunank Shah Lab,https://www.hopkinsmedicine.org/research/labs/m/maunank-shah-lab,Medicine
Maura McGuire Lab,https://www.hopkinsmedicine.org/research/labs/m/maura-mcguire-lab,Medicine
Meredith McCormack Lab,https://www.hopkinsmedicine.org/research/labs/m/meredith-mccormack-lab,Medicine
Merguerian Lab,https://www.hopkinsmedicine.org/research/labs/m/merguerian-lab,Medicine
Michael A  Jacobs Lab,https://www.hopkinsmedicine.org/research/labs/m/michael-a--jacobs-lab,Medicine
Michael A. Rosen Lab,https://www.hopkinsmedicine.org/research/labs/m/michael-a-rosen-lab,Medicine
Michael B. Streiff Lab,https://www.hopkinsmedicine.org/research/labs/m/michael-b-streiff-lab,Medicine
Michael Betenbaugh Lab,https://www.ambic.org/,Chemical and Biomolecular Engineering
Michael Bevan Lab,https://bevan.jh.edu/,Chemical and Biomolecular Engineering
Michael Caterina Lab,https://www.hopkinsmedicine.org/research/labs/m/michael-caterina-lab,Medicine
Michael Goggins Lab,https://www.hopkinsmedicine.org/research/labs/m/michael-goggins-lab,Medicine
Michael Klag Lab,https://www.hopkinsmedicine.org/research/labs/m/michael-klag-lab,Medicine
Michael Kornberg Lab,https://www.hopkinsmedicine.org/research/labs/m/michael-kornberg-lab,Medicine
Michael Matunis Lab,https://www.hopkinsmedicine.org/research/labs/m/michael-matunis-lab,Medicine
Michael Melia Lab,https://www.hopkinsmedicine.org/research/labs/m/michael-melia-lab,Medicine
Michael Wolfgang Laboratory,https://www.hopkinsmedicine.org/research/labs/m/michael-wolfgang-laboratory,Medicine
Michelle Belantoni Lab,https://www.hopkinsmedicine.org/research/labs/m/michelle-belantoni-lab,Medicine
Michelle Eakin Lab,https://www.hopkinsmedicine.org/research/labs/m/michelle-eakin-lab,Medicine
Mihaela Pertea Lab,https://www.hopkinsmedicine.org/research/labs/m/mihaela-pertea-lab,Medicine
Mihail Zilbermint Lab,https://www.hopkinsmedicine.org/research/labs/m/mihail-zilbermint-lab,Medicine
Miho Iijima Laboratory,https://www.hopkinsmedicine.org/research/labs/m/miho-iijima-laboratory,Medicine
Minimally Invasive Neurosurgery Lab,https://www.hopkinsmedicine.org/research/labs/m/minimally-invasive-neurosurgery-lab,Medicine
Mitzner Laboratory,https://www.hopkinsmedicine.org/research/labs/m/mitzner-laboratory,Medicine
Mohamed Atta Lab,https://www.hopkinsmedicine.org/research/labs/m/mohamed-atta-lab,Medicine
Mohamed Farah Lab,https://www.hopkinsmedicine.org/research/labs/m/mohamed-farah-lab,Medicine
Molecular Genetics Laboratory of Female Reproductive Cancer,https://www.hopkinsmedicine.org/research/labs/g/genetics-lab-female-reproductive-cancer,Medicine
Molecular Mechanisms of Cellular Mechanosensing (Robinson Lab),https://www.hopkinsmedicine.org/research/labs/m/molecular-mechanisms-of-cellular-mechanosensing-robinson-lab,Medicine
Molecular Oncology Laboratory,https://www.hopkinsmedicine.org/research/labs/m/molecular-oncology-laboratory,Medicine
Mollie Meffert Lab,https://www.hopkinsmedicine.org/research/labs/m/mollie-meffert-lab,Medicine
Motion Analysis Laboratory,https://www.hopkinsmedicine.org/research/labs/m/motion-analysis-laboratory,Medicine
Mouen Khashab Lab,https://www.hopkinsmedicine.org/research/labs/m/mouen-khashab-lab,Medicine
Mugnier Lab,https://www.mugnierlab.org/,Public Health
Mukherjee Lab,https://www.hopkinsmedicine.org/research/labs/m/mukherjee-lab,Medicine
Nada Alachkar Lab,https://www.hopkinsmedicine.org/research/labs/n/nada-alachkar-lab,Medicine
Nadia Hansel Lab,https://www.hopkinsmedicine.org/research/labs/n/nadia-hansel-lab,Medicine
Nae-Yuh Wang Lab,https://www.hopkinsmedicine.org/research/labs/n/nae-yuh-wang-lab,Medicine
Nancy Codori Lab,https://www.hopkinsmedicine.org/research/labs/n/nancy-codori-lab,Medicine
NanoEnergy Laboratory,https://engineering.jhu.edu/nanoenergy/,Electrical and Computer Engineering
Natalie West Lab,https://www.hopkinsmedicine.org/research/labs/n/natalie-west-lab,Medicine
Natasha Chida Lab,https://www.hopkinsmedicine.org/research/labs/n/natasha-chida-lab,Medicine
Nathaniel Comfort Lab,https://www.hopkinsmedicine.org/research/labs/n/nathaniel-comfort-lab,Medicine
Nauder Faraday Lab,https://www.hopkinsmedicine.org/research/labs/n/nauder-faraday-lab,Medicine
Neural Systems Analysis Laboratory,https://engineering.jhu.edu/nsa/,Electrical and Computer Engineering
Neuro-Oncology Surgical Outcomes Laboratory,https://www.hopkinsmedicine.org/research/labs/n/neuro-oncology-surgical-outcomes-lab,Medicine
Neuro-Urology Laboratory,https://www.hopkinsmedicine.org/research/labs/n/neuro-urology-laboratory,Medicine
Neuro-Vestibular and Ocular Motor Laboratory,https://www.hopkinsmedicine.org/research/labs/n/neuro-vestibular-ocular-motor-lab,Medicine
Neuroengineering and Biomedical Instrumentation Lab,https://www.hopkinsmedicine.org/research/labs/n/neuroengineering-and-biomedical-instrumentation-lab,Medicine
Neuroimaging and Modulation Laboratory (NIMLAB),https://www.hopkinsmedicine.org/research/labs/n/neuroimaging-and-modulation-laboratory-nimlab,Medicine
Neuroimmunopathology Lab,https://www.hopkinsmedicine.org/research/labs/n/neuroimmunopathology-lab,Medicine
Nicholas Dalesio Lab,https://www.hopkinsmedicine.org/research/labs/n/nicholas-dalesio-lab,Medicine
Nicholas Flavahan Lab,https://www.hopkinsmedicine.org/research/labs/n/nicholas-flavahan-lab,Medicine
Nicholas Rowan Lab,https://www.hopkinsmedicine.org/research/labs/n/nicholas-rowan-lab,Medicine
Nicola Heller Lab,https://www.hopkinsmedicine.org/research/labs/n/nicola-heller-lab,Medicine
Nicole Shilkofski Lab,https://www.hopkinsmedicine.org/research/labs/n/nicole-shilkofski-lab,Medicine
Nisa Maruthur Lab,https://www.hopkinsmedicine.org/research/labs/n/nisa-maruthur-lab,Medicine
Noah Lechtzin Lab,https://www.hopkinsmedicine.org/research/labs/n/noah-lechtzin-lab,Medicine
O'Connor Lab,https://www.hopkinsmedicine.org/research/labs/o/oconnor-lab,Medicine
O'Rourke Lab,https://www.hopkinsmedicine.org/research/labs/o/orourke-lab,Medicine
Ocular Motor Physiology Laboratory,https://www.hopkinsmedicine.org/research/labs/o/ocular-motor-physiology-laboratory,Medicine
Order Lab,https://orderlab.io/,Computer Science
Outcomes After Critical Illness and Surgery Group,https://www.hopkinsmedicine.org/research/labs/o/outcomes-after-critical-illness-and-surgery-group,Medicine
P.O.E. Total Worker Health® Center,https://publichealth.jhu.edu/departments/environmental-health-and-engineering/research-and-practice/centers-and-institutes/the-johns-hopkins-poe-total-worker-healthr-center-poe-center,Environmental Health and Engineering
Pablo Iglesias Lab,https://www.hopkinsmedicine.org/research/labs/p/pablo-iglesias-lab,Medicine
Padmini Ranasighe Lab,https://www.hopkinsmedicine.org/research/labs/p/padmini-ranasighe-lab,Medicine
Pali Shah Lab,https://www.hopkinsmedicine.org/research/labs/p/pali-shah-lab,Medicine
Patrick Breysse Lab,https://www.hopkinsmedicine.org/research/labs/p/patrick-breysse-lab,Medicine
Paul Auwaerter Lab,https://www.hopkinsmedicine.org/research/labs/p/paul-auwaerter-lab,Medicine
Paul Ladenson Lab,https://www.hopkinsmedicine.org/research/labs/p/paul-ladenson-lab,Medicine
Paul M. Hassoun Lab,https://www.hopkinsmedicine.org/research/labs/p/paul-m-hassoun-lab,Medicine
Paul Rothman Lab,https://www.hopkinsmedicine.org/research/labs/p/paul-rothman-lab,Medicine
Paul Worley Lab,https://www.hopkinsmedicine.org/research/labs/p/paul-worley-lab,Medicine
Paulette Clancy Lab,https://clancygroup.wse.jhu.edu/,Chemical and Biomolecular Engineering
Pediatric Cardiology Core Imaging Laboratory,https://www.hopkinsmedicine.org/research/labs/p/pediatric-cardiology-core-imaging-laboratory,Medicine
Pediatric Cerebral Palsy and Epilepsy Lab,https://www.hopkinsmedicine.org/research/labs/p/pediatric-cerebral-palsy-epilepsy-lab,Medicine
Pedro Alejandro Mendez-Tellez Lab,https://www.hopkinsmedicine.org/research/labs/p/pedro-alejandro-mendez-tellez-lab,Medicine
Peisong Gao Lab,https://www.hopkinsmedicine.org/research/labs/p/peisong-gao-lab,Medicine
Perception and Mind Lab,https://perception.jhu.edu/,Psychological & Brain Sciences
Peter Abadir Lab,https://www.hopkinsmedicine.org/research/labs/p/peter-abadir-lab,Medicine
Peter Agre Lab,https://www.hopkinsmedicine.org/research/labs/p/peter-agre-lab,Medicine
Peter Terry Lab,https://www.hopkinsmedicine.org/research/labs/p/peter-terry-lab,Medicine
Peter van Zijl Laboratory,https://www.hopkinsmedicine.org/research/labs/p/peter-van-zijl-laboratory,Medicine
Philip Seo Lab,https://www.hopkinsmedicine.org/research/labs/p/philip-seo-lab,Medicine
Philip Smith Lab,https://www.hopkinsmedicine.org/research/labs/p/philip-smith-lab,Medicine
Philip Wong Lab,https://www.hopkinsmedicine.org/research/labs/p/philip-wong-lab,Medicine
Photini Sinnis Lab,https://www.hopkinsmedicine.org/research/labs/p/photini-sinnis-lab,Medicine
Photoacoustic & Ultrasonic Systems Engineering Lab,https://pulselab.jhu.edu/,Electrical and Computer Engineering
Photonics and Optoelectronics Lab,https://engineering.jhu.edu/biophotonics/,Electrical and Computer Engineering
Photonics and Optoelectronics Laboratory,https://engineering.jhu.edu/biophotonics/,Robotics
Platelet Physiology Research Lab,https://www.hopkinsmedicine.org/research/labs/p/platelet-physiology-research-lab,Medicine
Pluznick Lab,https://www.hopkinsmedicine.org/research/labs/p/pluznick-lab,Medicine
Post Lab,https://www.hopkinsmedicine.org/research/labs/p/post-lab,Medicine
Pulmonary Infection and Inflammation Research Lab,https://www.hopkinsmedicine.org/research/labs/p/pulmonary-infection-inflammation-research-lab,Medicine
Qian-Li Xue Lab,https://www.hopkinsmedicine.org/research/labs/q/qian-li-xue-lab,Medicine
Quantitative Intelligence Lab,https://www.hopkinsmedicine.org/research/labs/q/quantitative-intelligence-lab,Medicine
Rachel Damico Lab,https://www.hopkinsmedicine.org/research/labs/r/rachel-damico-lab,Medicine
Rachel Levine Lab,https://www.hopkinsmedicine.org/research/labs/r/rachel-levine-lab,Medicine
Radionuclide Therapy and Dosimetry Research Lab,https://www.hopkinsmedicine.org/research/labs/r/radionuclide-therapy-and-dosimetry-research-lab,Medicine
Radiopharmaceutical Therapy and Dosimetry Lab,https://www.hopkinsmedicine.org/research/labs/r/radiopharmaceutical-therapy-and-dosimetry-lab,Medicine
Rahul Koka Lab,https://www.hopkinsmedicine.org/research/labs/r/rahul-koka-lab,Medicine
Rakhi Naik Lab,https://www.hopkinsmedicine.org/research/labs/r/rakhi-naik-lab,Medicine
Rao Laboratory,https://www.hopkinsmedicine.org/research/labs/r/rao-laboratory,Medicine
Rasika Mathias Lab,https://www.hopkinsmedicine.org/research/labs/r/rasika-mathias-lab,Medicine
Ratchford Lab,https://www.hopkinsmedicine.org/research/labs/r/ratchford-lab,Medicine
Raul Chavez-Valdez Lab,https://www.hopkinsmedicine.org/research/labs/r/raul-chavez-valdez-lab,Medicine
Raymond Koehler Lab,https://www.hopkinsmedicine.org/research/labs/r/raymond-koehler-lab,Medicine
Raymond Reid Lab,https://www.hopkinsmedicine.org/research/labs/r/raymond-reid-lab,Medicine
Rebecca Schulman Lab,https://schulmanlab.jhu.edu/,Chemical and Biomolecular Engineering
Redonda Miller Lab,https://www.hopkinsmedicine.org/research/labs/r/redonda-miller-lab,Medicine
Reezwana Chowdhury Lab,https://www.hopkinsmedicine.org/research/labs/r/reezwana-chowdhury-lab,Medicine
Reid Thompson Laboratory,https://www.hopkinsmedicine.org/research/labs/r/reid-thompson-lab,Medicine
Research Lab Results,https://www.hopkinsmedicine.org/research/labs/lab-results,Medicine
Retinal Cell and Molecular Lab,https://www.hopkinsmedicine.org/research/labs/r/retinal-cell-and-molecular-lab,Medicine
Retrovirus Laboratory,https://www.hopkinsmedicine.org/research/labs/r/retrovirus-laboratory,Medicine
Richard Chaisson Lab,https://www.hopkinsmedicine.org/research/labs/r/richard-chaisson-lab,Medicine
Richard F. Ambinder Lab,https://www.hopkinsmedicine.org/research/labs/r/richard-f-ambinder-lab,Medicine
Richard John Jones Lab,https://www.hopkinsmedicine.org/research/labs/r/richard-john-jones-lab,Medicine
Richard Moore Lab,https://www.hopkinsmedicine.org/research/labs/r/richard-moore-lab,Medicine
Richard Rivers Lab,https://www.hopkinsmedicine.org/research/labs/r/richard-rivers-lab,Medicine
Richard W. TeLinde Endowed Gynecologic Pathology Lab,https://www.hopkinsmedicine.org/research/labs/r/richard-telinde-endowed-gynecologic-pathology-lab,Medicine
Rita Kalyani Lab,https://www.hopkinsmedicine.org/research/labs/r/rita-kalyani-lab,Medicine
Robert Anders Lab,https://www.hopkinsmedicine.org/research/labs/r/robert-anders-lab,Medicine
Robert Bollinger Lab,https://www.hopkinsmedicine.org/research/labs/r/robert-bollinger-lab,Medicine
Robert Brodsky Lab,https://www.hopkinsmedicine.org/research/labs/r/robert-brodsky-lab,Medicine
Robert Bulat Lab,https://www.hopkinsmedicine.org/research/labs/r/robert-bulat-lab,Medicine
Robert Gilman Lab,https://www.hopkinsmedicine.org/research/labs/r/robert-gilman-lab,Medicine
Robert Greenberg Lab,https://www.hopkinsmedicine.org/research/labs/r/robert-greenberg-lab,Medicine
Robert H. Brown Lab,https://www.hopkinsmedicine.org/research/labs/r/robert-h-brown-lab,Medicine
Robert Lawrence Lab,https://www.hopkinsmedicine.org/research/labs/r/robert-lawrence-lab,Medicine
Robert Siliciano Laboratory,https://www.hopkinsmedicine.org/research/labs/r/robert-siliciano-laboratory,Medicine
Robert Wise Lab,https://www.hopkinsmedicine.org/research/labs/r/robert-wise-lab,Medicine
Roberto Salvatori Lab,https://www.hopkinsmedicine.org/research/labs/r/roberto-salvatori-lab,Medicine
Roger Johns Lab,https://www.hopkinsmedicine.org/research/labs/r/roger-johns-lab,Medicine
Romsai Boonyasai Lab,https://www.hopkinsmedicine.org/research/labs/r/romsai-boonyasai-lab,Medicine
Ron Banerjee Lab,https://www.hopkinsmedicine.org/research/labs/r/ron-banerjee-lab,Medicine
Ronald Schnaar Lab,https://www.hopkinsmedicine.org/research/labs/r/ronald-schnaar-lab,Medicine
Ronen Shechter Lab,https://www.hopkinsmedicine.org/research/labs/r/ronen-shechter-lab,Medicine
Rosalyn Stewart Lab,https://www.hopkinsmedicine.org/research/labs/r/rosalyn-stewart-lab,Medicine
Roy Brower Lab,https://www.hopkinsmedicine.org/research/labs/r/roy-brower-lab,Medicine
Ruth Faden Lab,https://www.hopkinsmedicine.org/research/labs/r/ruth-faden-lab,Medicine
Ryuya Fukunaga Lab,https://www.hopkinsmedicine.org/research/labs/r/ryuya-fukunaga-lab,Medicine
S.C.O.R.E. Lab,https://www.hopkinsmedicine.org/research/labs/s/score-lab,Medicine
Saleh Alqahtani Lab,https://www.hopkinsmedicine.org/research/labs/s/saleh-alqahtani-lab,Medicine
Salzberg Lab,https://www.hopkinsmedicine.org/research/labs/s/salzberg-lab,Medicine
Samantha Pitts Lab,https://www.hopkinsmedicine.org/research/labs/s/samantha-pitts-lab,Medicine
Samuel Durso Lab,https://www.hopkinsmedicine.org/research/labs/s/samuel-durso-lab,Medicine
Samuel R. Denmeade Laboratory,https://www.hopkinsmedicine.org/research/labs/s/samuel-r-denmeade-laboratory,Medicine
Sangmoo Jeong Lab,https://engineering.jhu.edu/jeonglab,Chemical and Biomolecular Engineering
Sanjay Desai Lab,https://www.hopkinsmedicine.org/research/labs/s/sanjay-desai-lab,Medicine
Saowanee Ngamruengphong Lab,https://www.hopkinsmedicine.org/research/labs/s/saowanee-ngamruengphong-lab,Medicine
Sapna Kudchadkar Lab,https://www.hopkinsmedicine.org/research/labs/s/sapna-kudchadkar-lab,Medicine
Sara Cosgrove Lab,https://www.hopkinsmedicine.org/research/labs/s/sara-cosgrove-lab,Medicine
Sara Mixter Lab,https://www.hopkinsmedicine.org/research/labs/s/sara-mixter-lab,Medicine
Sarah Clever Lab,https://www.hopkinsmedicine.org/research/labs/s/sarah-clever-lab,Medicine
Saraswati Sukumar Lab,https://www.hopkinsmedicine.org/research/labs/s/saraswati-sukumar-lab,Medicine
Sarbjit Saini Lab,https://www.hopkinsmedicine.org/research/labs/s/sarbjit-saini-lab,Medicine
Schneck Lab,https://www.hopkinsmedicine.org/research/labs/s/schneck-lab,Medicine
Sean Agbor-Enoh Lab,https://www.hopkinsmedicine.org/research/labs/s/sean-agbor-enoh-lab,Medicine
Sean Berenholtz Lab,https://www.hopkinsmedicine.org/research/labs/s/sean-berenholtz-lab,Medicine
Sean Leng Lab,https://www.hopkinsmedicine.org/research/labs/s/sean-leng-lab,Medicine
Sean T. Prigge Lab,https://www.hopkinsmedicine.org/research/labs/s/sean-t-prigge-lab,Medicine
Sean Tackett Lab,https://www.hopkinsmedicine.org/research/labs/s/sean-tackett-lab,Medicine
Sean Taverna Laboratory,https://www.hopkinsmedicine.org/research/labs/s/sean-taverna-laboratory,Medicine
Semantics Lab,https://rawlins.io/semlab/,Cognitive Science
Sesaki Lab,https://www.hopkinsmedicine.org/research/labs/s/sesaki-lab,Medicine
Seth Blackshaw Lab,https://www.hopkinsmedicine.org/research/labs/s/seth-blackshaw-lab,Medicine
Seth Margolis Laboratory,https://www.hopkinsmedicine.org/research/labs/s/seth-margolis-laboratory,Medicine
Seth Martin Lab,https://www.hopkinsmedicine.org/research/labs/s/seth-martin-lab,Medicine
Sevil Yasar Lab,https://www.hopkinsmedicine.org/research/labs/s/sevil-yasar-lab,Medicine
Seydoux Lab,https://www.hopkinsmedicine.org/research/labs/s/seydoux-lab,Medicine
Shanthini Sockanathan Laboratory,https://www.hopkinsmedicine.org/research/labs/s/shanthini-sockanathan-laboratory,Medicine
Shaoyong Yu Lab,https://www.hopkinsmedicine.org/research/labs/s/shaoyong-yu-lab,Medicine
Sharon Turban Lab,https://www.hopkinsmedicine.org/research/labs/s/sharon-turban-lab,Medicine
Shawn Lupold Laboratory,https://www.hopkinsmedicine.org/research/labs/s/shawn-lupold-laboratory,Medicine
Shelby Kutty Laboratory,https://www.hopkinsmedicine.org/research/labs/s/shelby-kutty-laboratory,Medicine
Sherita Golden Lab,https://www.hopkinsmedicine.org/research/labs/s/sherita-golden-lab,Medicine
Shigeki Watanabe Lab,https://www.hopkinsmedicine.org/research/labs/s/shigeki-watanabe-lab,Medicine
Shivani Patel Lab,https://www.hopkinsmedicine.org/research/labs/s/shivani-patel-lab,Medicine
Shyam Sundar Biswal Lab,https://www.hopkinsmedicine.org/research/labs/s/shyam-sundar-biswal-lab,Medicine
Singh Lab: Stem Cell Transplant Group,https://www.hopkinsmedicine.org/research/labs/s/singh-lab,Medicine
Sinnis Lab,https://sinnislab.johnshopkins.edu/,Public Health
Sivanesan Neuromodulation Laboratory (SNL),https://www.hopkinsmedicine.org/research/labs/s/sivanesan-neuromodulation-lab,Medicine
Sociophonetics Lab,https://sites.krieger.jhu.edu/mrenwick/,Cognitive Science
Sonye Danoff Lab,https://www.hopkinsmedicine.org/research/labs/s/sonye-danoff-lab,Medicine
Sophie Lanzkron Lab,https://www.hopkinsmedicine.org/research/labs/s/sophie-lanzkron-lab,Medicine
Spinal Column Surgical Outcomes Lab,https://www.hopkinsmedicine.org/research/labs/s/spinal-column-surgical-outcomes-lab,Medicine
Spinal Oncology Lab,https://www.hopkinsmedicine.org/research/labs/s/spinal-oncology-lab,Medicine
Srinivasan Yegnasubramanian Lab,https://www.hopkinsmedicine.org/research/labs/s/srinivasan-yegnasubramanian-lab,Medicine
Stavroula Sofou Lab,https://sofoulab.wixsite.com/hopkins/,Chemical and Biomolecular Engineering
Stephen Gould Laboratory,https://www.hopkinsmedicine.org/research/labs/s/stephen-gould-laboratory,Medicine
Stephen Mathai Lab,https://www.hopkinsmedicine.org/research/labs/s/stephen-mathai-lab,Medicine
Stephen Sisson Lab,https://www.hopkinsmedicine.org/research/labs/s/stephen-sisson-lab,Medicine
Stephen Sozio Lab,https://www.hopkinsmedicine.org/research/labs/s/stephen-sozio-lab,Medicine
Steve Cohen Lab,https://www.hopkinsmedicine.org/research/labs/s/steve-cohen-lab,Medicine
Steven Claypool Lab,https://www.hopkinsmedicine.org/research/labs/s/steven-claypool-lab,Medicine
Steven Frank Lab,https://www.hopkinsmedicine.org/research/labs/s/steven-frank-lab,Medicine
Steven Levin Lab,https://www.hopkinsmedicine.org/research/labs/s/steven-levin-lab,Medicine
Steven Menez Lab,https://www.hopkinsmedicine.org/research/labs/m/menez-lab,Medicine
Stivers Lab,https://www.hopkinsmedicine.org/research/labs/s/stivers-lab,Medicine
Stuart C. Ray Lab,https://www.hopkinsmedicine.org/research/labs/s/stuart-c-ray-lab,Medicine
Submit a New Lab,https://jira.jh.edu/servicedesk/customer/portal/8/create/71,Medicine
Suchi Saria Lab,https://www.hopkinsmedicine.org/research/labs/s/suchi-saria-lab,Medicine
Suez Lab,https://www.suezlab.org/,Public Health
Sujatha Kannan Lab,https://www.hopkinsmedicine.org/research/labs/s/sujatha-kannan-lab,Medicine
Suman Paul Laboratory,https://www.hopkinsmedicine.org/research/labs/s/suman-paul-lab,Medicine
Susan Michaelis Lab,https://www.hopkinsmedicine.org/research/labs/s/susan-michaelis-lab,Medicine
Susan Tuddenham Lab,https://www.hopkinsmedicine.org/research/labs/s/susan-tuddenham-lab,Medicine
Suzanne Jan de Beur Lab,https://www.hopkinsmedicine.org/research/labs/s/suzanne-jan-de-beur-lab,Medicine
Suzanne Topalian Lab,https://www.hopkinsmedicine.org/research/labs/s/suzanne-topalian-lab,Medicine
Svetlana Lutsenko Laboratory,https://www.hopkinsmedicine.org/research/labs/s/svetlana-lutsenko-laboratory,Medicine
Swallowing Investigation in Physiology (SIP) Lab,https://www.hopkinsmedicine.org/research/labs/s/swallowing-investigation-in-physiology-lab,Medicine
Sydney Dy Lab,https://www.hopkinsmedicine.org/research/labs/s/sydney-dy-lab,Medicine
Systems Biology Laboratory,https://www.hopkinsmedicine.org/research/labs/s/systems-biology-laboratory,Medicine
Systems Neurobiology Laboratory,https://www.hopkinsmedicine.org/research/labs/s/systems-neurobiology-laboratory,Medicine
Tamara O'Connor Lab,https://www.hopkinsmedicine.org/research/labs/t/tamara-oconnor-lab,Medicine
Ted Dawson Laboratory,https://www.hopkinsmedicine.org/research/labs/t/ted-dawson-laboratory,Medicine
The Arking Lab,https://www.hopkinsmedicine.org/research/labs/t/the-arking-lab,Medicine
The Barouch Lab,https://www.hopkinsmedicine.org/research/labs/t/the-barouch-lab,Medicine
The Bigos Lab,https://www.hopkinsmedicine.org/research/labs/b/bigos-lab,Medicine
The Boss Lab,https://www.hopkinsmedicine.org/research/labs/t/the-boss-lab,Medicine
The Calabresi Lab,https://www.hopkinsmedicine.org/research/labs/t/the-calabresi-lab,Medicine
The Cihakova Lab,https://www.hopkinsmedicine.org/research/labs/c/cihakova-lab,Medicine
The Coleman Research Group for Sexual and Reproductive Health,https://www.hopkinsmedicine.org/research/labs/c/coleman-research-group-for-sexual-and-reproductive-health,Medicine
The Functional Neurosurgery Lab,https://www.hopkinsmedicine.org/research/labs/f/functional-neurosurgery-lab,Medicine
"The Hackam Lab for Pediatric Surgical, Translational and Regenerative Medicine",https://www.hopkinsmedicine.org/research/labs/h/hackam-lab-pediatric-surgical-translational-regenerative-medicine,Medicine
The Halushka Lab,https://www.hopkinsmedicine.org/research/labs/h/halushka-lab,Medicine
The Hamad Lab,https://www.hopkinsmedicine.org/research/labs/t/the-hamad-lab,Medicine
The Hillel Lab,https://www.hopkinsmedicine.org/research/labs/t/the-hillel-lab,Medicine
The Howard and Georgeanna Seegar Jones Reproductive Endocrinology Lab,https://www.hopkinsmedicine.org/research/labs/r/reproductive-endocrinology-lab,Medicine
The James Laboratory,https://www.hopkinsmedicine.org/research/labs/t/the-james-laboratory,Medicine
The Koliatsos Lab,https://www.hopkinsmedicine.org/research/labs/k/koliatsos-lab,Medicine
The Laboratory for Precision Immunology,https://www.hopkinsmedicine.org/research/labs/t/the-laboratory-for-precision-immunology,Medicine
The Mumm Lab,https://www.hopkinsmedicine.org/research/labs/m/mumm-lab,Medicine
The Nauen Lab,https://www.hopkinsmedicine.org/research/labs/t/the-nauen-lab,Medicine
The Pathak Lab,https://www.hopkinsmedicine.org/research/labs/t/the-pathak-lab,Medicine
The Ramanathan Lab,https://www.hopkinsmedicine.org/research/labs/r/ramanathan-lab,Medicine
The Responsive Imaging BioSensors & BioEngineering (RISE) Lab,https://www.hopkinsmedicine.org/research/labs/r/rise-lab,Medicine
The Sfanos Lab,https://www.hopkinsmedicine.org/research/labs/s/sfanos-lab,Medicine
The Spinal Fusion Laboratory,https://www.hopkinsmedicine.org/research/labs/s/spinal-fusion-laboratory,Medicine
The Sun Laboratory,https://www.hopkinsmedicine.org/research/labs/t/the-sun-laboratory,Medicine
The Swenor Research Group,https://www.hopkinsmedicine.org/research/labs/s/swenor-research-group,Medicine
The Vascularized Composite Allotransplantation (VCA) Research Lab,https://www.hopkinsmedicine.org/research/labs/v/vca-lab,Medicine
The Vernon Lab for Translational Mitochondrial Medicine,https://www.hopkinsmedicine.org/research/labs/v/vernon-lab-translational-mitochondrial-medicine,Medicine
Theresa Shapiro Laboratory,https://www.hopkinsmedicine.org/research/labs/t/theresa-shapiro-laboratory,Medicine
Thi Vo Lab,https://vogroup.wse.jhu.edu/,Chemical and Biomolecular Engineering
Thin-walled Structures Laboratory,https://www.ce.jhu.edu/bschafer/,Civil Engineering
Thomas Grader-Beck Lab,https://www.hopkinsmedicine.org/research/labs/t/thomas-grader-beck-lab,Medicine
Thomas Quinn Lab,https://www.hopkinsmedicine.org/research/labs/t/thomas-quinn-lab,Medicine
Thomas W. Donner Lab,https://www.hopkinsmedicine.org/research/labs/t/thomas-w-donner-lab,Medicine
Timothy Niessen Lab,https://www.hopkinsmedicine.org/research/labs/t/timothy-niessen-lab,Medicine
Todd Brown Lab,https://www.hopkinsmedicine.org/research/labs/t/todd-brown-lab,Medicine
Todd Dorman Lab,https://www.hopkinsmedicine.org/research/labs/t/todd-dorman-lab,Medicine
Tom Woolf Lab,https://www.hopkinsmedicine.org/research/labs/t/tom-woolf-lab,Medicine
Translational Informatics Research and Innovation Lab,https://www.hopkinsmedicine.org/research/labs/t/tiri-lab,Medicine
Translational Neurobiology Laboratory,https://www.hopkinsmedicine.org/research/labs/t/translational-neurobiology-laboratory,Medicine
Translational Tissue Engineering Center (TTEC),https://ttec.johnshopkins.edu,Chemical and Biomolecular Engineering
Tsapatsis Lab,https://tsapatsislab.wse.jhu.edu/,Chemical and Biomolecular Engineering
Tsapkini Language Neuromodulation Lab,https://www.hopkinsmedicine.org/research/labs/t/tsapkini-language-neuromodulation-lab,Medicine
Tsion Abdi Lab,https://www.hopkinsmedicine.org/research/labs/t/tsion-abdi-lab,Medicine
Ultrafast and Nonlinear Photonics Group,https://engineering.jhu.edu/unp/,Electrical and Computer Engineering
Undergraduate Student Groups,https://pbs.jhu.edu/undergraduate/student-groups/,Psychological & Brain Sciences
Vaninder Dhillon Lab,https://www.hopkinsmedicine.org/research/labs/v/vaninder-dhillon-lab,Medicine
Vascular Neurology Lab,https://www.hopkinsmedicine.org/research/labs/v/vascular-neurology-lab,Medicine
Veit Stuphorn Lab,https://neuroscience.jhu.edu/research/faculty/86,Psychological & Brain Sciences
Veit Stuphorn Laboratory,https://www.hopkinsmedicine.org/research/labs/v/veit-stuphorn-laboratory,Medicine
Venkataramana Sidhaye Lab,https://www.hopkinsmedicine.org/research/labs/v/venkataramana-sidhaye-lab,Medicine
Venu Raman Research Lab,https://www.hopkinsmedicine.org/research/labs/v/venu-raman-lab,Medicine
Vestibular NeuroEngineering Lab,https://www.hopkinsmedicine.org/research/labs/v/vestibular-neuroengineering-lab,Medicine
Vestibular Neurophysiology Laboratory,https://www.hopkinsmedicine.org/research/labs/v/vestibular-neurophysiology-laboratory,Medicine
Victor Chen Lab,https://www.hopkinsmedicine.org/research/labs/v/victor-chen-lab,Medicine
Victor Velculescu Lab,https://www.hopkinsmedicine.org/research/labs/v/victor-velculescu-lab,Medicine
Vikram Chib Lab,https://www.hopkinsmedicine.org/research/labs/v/vikram-chib-lab,Medicine
Wang Lab,https://www.hopkinsmedicine.org/research/labs/l/wang-lab,Medicine
Wei Dong Gao Lab,https://www.hopkinsmedicine.org/research/labs/w/wei-dong-gao-lab,Medicine
Weiss Lab,https://www.hopkinsmedicine.org/research/labs/w/weiss-lab,Medicine
Welling Laboratory,https://www.hopkinsmedicine.org/research/labs/w/welling-laboratory,Medicine
Wendy Bennett Lab,https://www.hopkinsmedicine.org/research/labs/w/wendy-bennett-lab,Medicine
William B. Guggino Lab,https://www.hopkinsmedicine.org/research/labs/w/william-b-guggino-lab,Medicine
William B. Isaacs Laboratory,https://www.hopkinsmedicine.org/research/labs/w/william-b-isaacs-laboratory,Medicine
William Bishai Laboratory,https://www.hopkinsmedicine.org/research/labs/w/william-bishai-laboratory,Medicine
William Checkley Lab,https://www.hopkinsmedicine.org/research/labs/w/william-checkley-lab,Medicine
William G. Nelson Laboratory,https://www.hopkinsmedicine.org/research/labs/w/william-g-nelson-laboratory,Medicine
Wilmer Bioinformatics Lab,https://www.hopkinsmedicine.org/research/labs/w/wilmer-bioinformatics-lab,Medicine
Wojciech Zbijewski Lab,https://www.hopkinsmedicine.org/research/labs/w/wojciech-zbijewski-lab,Medicine
Wolberger Lab,https://www.hopkinsmedicine.org/research/labs/w/wolberger-lab,Medicine
Wu Lab,https://www.hopkinsmedicine.org/research/labs/w/wu-lab,Medicine
Xiao Group,https://www.hopkinsmedicine.org/research/labs/x/xiao-group,Medicine
Yayuan Liu Lab,https://www.yayuanliu.com/,Chemical and Biomolecular Engineering
Youngjee Choi Lab,https://www.hopkinsmedicine.org/research/labs/y/youngjee-choi-lab,Medicine
Yukari Manabe Lab,https://www.hopkinsmedicine.org/research/labs/y/yukari-manabe-lab,Medicine
Yun Guan Lab,https://www.hopkinsmedicine.org/research/labs/y/yun-guan-lab,Medicine
Zachara Lab,https://www.hopkinsmedicine.org/research/labs/z/zachara-lab,Medicine
Zack Wang Lab,https://www.hopkinsmedicine.org/research/labs/z/zack-wang-lab,Medicine
Zackary Berger Lab,https://www.hopkinsmedicine.org/research/labs/z/zackary-berger-lab,Medicine
Zambidis Laboratory,https://www.hopkinsmedicine.org/research/labs/z/zambidis-laboratory,Medicine
Zaver M. Bhujwalla Lab â€?Cancer Imaging Research,https://www.hopkinsmedicine.org/research/labs/z/zaver-m-bhujwalla-lab--cancer-imaging-research,Medicine
Zeiler Stroke Recovery Lab,https://www.hopkinsmedicine.org/research/labs/z/zeiler-stroke-recovery-lab,Medicine
Zhaozhu Qiu Laboratory,https://www.hopkinsmedicine.org/research/labs/q/qiu-lab,Medicine
Zhu Lab,https://www.hopkinsmedicine.org/research/labs/z/zhu-lab,Medicine
Zishan Siddiqui Lab,https://www.hopkinsmedicine.org/research/labs/z/zishan-siddiqui-lab,Medicine
